no_surat,no_ayat,juz
1,1,1
1,2,1
1,3,1
1,4,1
1,5,1
1,6,1
1,7,1
2,1,1
2,2,1
2,3,1
2,4,1
2,5,1
2,6,1
2,7,1
2,8,1
2,9,1
2,10,1
2,11,1
2,12,1
2,13,1
2,14,1
2,15,1
2,16,1
2,17,1
2,18,1
2,19,1
2,20,1
2,21,1
2,22,1
2,23,1
2,24,1
2,25,1
2,26,1
2,27,1
2,28,1
2,29,1
2,30,1
2,31,1
2,32,1
2,33,1
2,34,1
2,35,1
2,36,1
2,37,1
2,38,1
2,39,1
2,40,1
2,41,1
2,42,1
2,43,1
2,44,1
2,45,1
2,46,1
2,47,1
2,48,1
2,49,1
2,50,1
2,51,1
2,52,1
2,53,1
2,54,1
2,55,1
2,56,1
2,57,1
2,58,1
2,59,1
2,60,1
2,61,1
2,62,1
2,63,1
2,64,1
2,65,1
2,66,1
2,67,1
2,68,1
2,69,1
2,70,1
2,71,1
2,72,1
2,73,1
2,74,1
2,75,1
2,76,1
2,77,1
2,78,1
2,79,1
2,80,1
2,81,1
2,82,1
2,83,1
2,84,1
2,85,1
2,86,1
2,87,1
2,88,1
2,89,1
2,90,1
2,91,1
2,92,1
2,93,1
2,94,1
2,95,1
2,96,1
2,97,1
2,98,1
2,99,1
2,100,1
2,101,1
2,102,1
2,103,1
2,104,1
2,105,1
2,106,1
2,107,1
2,108,1
2,109,1
2,110,1
2,111,1
2,112,1
2,113,1
2,114,1
2,115,1
2,116,1
2,117,1
2,118,1
2,119,1
2,120,1
2,121,1
2,122,1
2,123,1
2,124,1
2,125,1
2,126,1
2,127,1
2,128,1
2,129,1
2,130,1
2,131,1
2,132,1
2,133,1
2,134,1
2,135,1
2,136,1
2,137,1
2,138,1
2,139,1
2,140,1
2,141,1
2,142,2
2,143,2
2,144,2
2,145,2
2,146,2
2,147,2
2,148,2
2,149,2
2,150,2
2,151,2
2,152,2
2,153,2
2,154,2
2,155,2
2,156,2
2,157,2
2,158,2
2,159,2
2,160,2
2,161,2
2,162,2
2,163,2
2,164,2
2,165,2
2,166,2
2,167,2
2,168,2
2,169,2
2,170,2
2,171,2
2,172,2
2,173,2
2,174,2
2,175,2
2,176,2
2,177,2
2,178,2
2,179,2
2,180,2
2,181,2
2,182,2
2,183,2
2,184,2
2,185,2
2,186,2
2,187,2
2,188,2
2,189,2
2,190,2
2,191,2
2,192,2
2,193,2
2,194,2
2,195,2
2,196,2
2,197,2
2,198,2
2,199,2
2,200,2
2,201,2
2,202,2
2,203,2
2,204,2
2,205,2
2,206,2
2,207,2
2,208,2
2,209,2
2,210,2
2,211,2
2,212,2
2,213,2
2,214,2
2,215,2
2,216,2
2,217,2
2,218,2
2,219,2
2,220,2
2,221,2
2,222,2
2,223,2
2,224,2
2,225,2
2,226,2
2,227,2
2,228,2
2,229,2
2,230,2
2,231,2
2,232,2
2,233,2
2,234,2
2,235,2
2,236,2
2,237,2
2,238,2
2,239,2
2,240,2
2,241,2
2,242,2
2,243,2
2,244,2
2,245,2
2,246,2
2,247,2
2,248,2
2,249,2
2,250,2
2,251,2
2,252,2
2,253,3
2,254,3
2,255,3
2,256,3
2,257,3
2,258,3
2,259,3
2,260,3
2,261,3
2,262,3
2,263,3
2,264,3
2,265,3
2,266,3
2,267,3
2,268,3
2,269,3
2,270,3
2,271,3
2,272,3
2,273,3
2,274,3
2,275,3
2,276,3
2,277,3
2,278,3
2,279,3
2,280,3
2,281,3
2,282,3
2,283,3
2,284,3
2,285,3
2,286,3
3,1,3
3,2,3
3,3,3
3,4,3
3,5,3
3,6,3
3,7,3
3,8,3
3,9,3
3,10,3
3,11,3
3,12,3
3,13,3
3,14,3
3,15,3
3,16,3
3,17,3
3,18,3
3,19,3
3,20,3
3,21,3
3,22,3
3,23,3
3,24,3
3,25,3
3,26,3
3,27,3
3,28,3
3,29,3
3,30,3
3,31,3
3,32,3
3,33,3
3,34,3
3,35,3
3,36,3
3,37,3
3,38,3
3,39,3
3,40,3
3,41,3
3,42,3
3,43,3
3,44,3
3,45,3
3,46,3
3,47,3
3,48,3
3,49,3
3,50,3
3,51,3
3,52,3
3,53,3
3,54,3
3,55,3
3,56,3
3,57,3
3,58,3
3,59,3
3,60,3
3,61,3
3,62,3
3,63,3
3,64,3
3,65,3
3,66,3
3,67,3
3,68,3
3,69,3
3,70,3
3,71,3
3,72,3
3,73,3
3,74,3
3,75,3
3,76,3
3,77,3
3,78,3
3,79,3
3,80,3
3,81,3
3,82,3
3,83,3
3,84,3
3,85,3
3,86,3
3,87,3
3,88,3
3,89,3
3,90,3
3,91,3
3,92,3
3,93,4
3,94,4
3,95,4
3,96,4
3,97,4
3,98,4
3,99,4
3,100,4
3,101,4
3,102,4
3,103,4
3,104,4
3,105,4
3,106,4
3,107,4
3,108,4
3,109,4
3,110,4
3,111,4
3,112,4
3,113,4
3,114,4
3,115,4
3,116,4
3,117,4
3,118,4
3,119,4
3,120,4
3,121,4
3,122,4
3,123,4
3,124,4
3,125,4
3,126,4
3,127,4
3,128,4
3,129,4
3,130,4
3,131,4
3,132,4
3,133,4
3,134,4
3,135,4
3,136,4
3,137,4
3,138,4
3,139,4
3,140,4
3,141,4
3,142,4
3,143,4
3,144,4
3,145,4
3,146,4
3,147,4
3,148,4
3,149,4
3,150,4
3,151,4
3,152,4
3,153,4
3,154,4
3,155,4
3,156,4
3,157,4
3,158,4
3,159,4
3,160,4
3,161,4
3,162,4
3,163,4
3,164,4
3,165,4
3,166,4
3,167,4
3,168,4
3,169,4
3,170,4
3,171,4
3,172,4
3,173,4
3,174,4
3,175,4
3,176,4
3,177,4
3,178,4
3,179,4
3,180,4
3,181,4
3,182,4
3,183,4
3,184,4
3,185,4
3,186,4
3,187,4
3,188,4
3,189,4
3,190,4
3,191,4
3,192,4
3,193,4
3,194,4
3,195,4
3,196,4
3,197,4
3,198,4
3,199,4
3,200,4
4,1,4
4,2,4
4,3,4
4,4,4
4,5,4
4,6,4
4,7,4
4,8,4
4,9,4
4,10,4
4,11,4
4,12,4
4,13,4
4,14,4
4,15,4
4,16,4
4,17,4
4,18,4
4,19,4
4,20,4
4,21,4
4,22,4
4,23,4
4,24,5
4,25,5
4,26,5
4,27,5
4,28,5
4,29,5
4,30,5
4,31,5
4,32,5
4,33,5
4,34,5
4,35,5
4,36,5
4,37,5
4,38,5
4,39,5
4,40,5
4,41,5
4,42,5
4,43,5
4,44,5
4,45,5
4,46,5
4,47,5
4,48,5
4,49,5
4,50,5
4,51,5
4,52,5
4,53,5
4,54,5
4,55,5
4,56,5
4,57,5
4,58,5
4,59,5
4,60,5
4,61,5
4,62,5
4,63,5
4,64,5
4,65,5
4,66,5
4,67,5
4,68,5
4,69,5
4,70,5
4,71,5
4,72,5
4,73,5
4,74,5
4,75,5
4,76,5
4,77,5
4,78,5
4,79,5
4,80,5
4,81,5
4,82,5
4,83,5
4,84,5
4,85,5
4,86,5
4,87,5
4,88,5
4,89,5
4,90,5
4,91,5
4,92,5
4,93,5
4,94,5
4,95,5
4,96,5
4,97,5
4,98,5
4,99,5
4,100,5
4,101,5
4,102,5
4,103,5
4,104,5
4,105,5
4,106,5
4,107,5
4,108,5
4,109,5
4,110,5
4,111,5
4,112,5
4,113,5
4,114,5
4,115,5
4,116,5
4,117,5
4,118,5
4,119,5
4,120,5
4,121,5
4,122,5
4,123,5
4,124,5
4,125,5
4,126,5
4,127,5
4,128,5
4,129,5
4,130,5
4,131,5
4,132,5
4,133,5
4,134,5
4,135,5
4,136,5
4,137,5
4,138,5
4,139,5
4,140,5
4,141,5
4,142,5
4,143,5
4,144,5
4,145,5
4,146,5
4,147,5
4,148,6
4,149,6
4,150,6
4,151,6
4,152,6
4,153,6
4,154,6
4,155,6
4,156,6
4,157,6
4,158,6
4,159,6
4,160,6
4,161,6
4,162,6
4,163,6
4,164,6
4,165,6
4,166,6
4,167,6
4,168,6
4,169,6
4,170,6
4,171,6
4,172,6
4,173,6
4,174,6
4,175,6
4,176,6
5,1,6
5,2,6
5,3,6
5,4,6
5,5,6
5,6,6
5,7,6
5,8,6
5,9,6
5,10,6
5,11,6
5,12,6
5,13,6
5,14,6
5,15,6
5,16,6
5,17,6
5,18,6
5,19,6
5,20,6
5,21,6
5,22,6
5,23,6
5,24,6
5,25,6
5,26,6
5,27,6
5,28,6
5,29,6
5,30,6
5,31,6
5,32,6
5,33,6
5,34,6
5,35,6
5,36,6
5,37,6
5,38,6
5,39,6
5,40,6
5,41,6
5,42,6
5,43,6
5,44,6
5,45,6
5,46,6
5,47,6
5,48,6
5,49,6
5,50,6
5,51,6
5,52,6
5,53,6
5,54,6
5,55,6
5,56,6
5,57,6
5,58,6
5,59,6
5,60,6
5,61,6
5,62,6
5,63,6
5,64,6
5,65,6
5,66,6
5,67,6
5,68,6
5,69,6
5,70,6
5,71,6
5,72,6
5,73,6
5,74,6
5,75,6
5,76,6
5,77,6
5,78,6
5,79,6
5,80,6
5,81,6
5,82,7
5,83,7
5,84,7
5,85,7
5,86,7
5,87,7
5,88,7
5,89,7
5,90,7
5,91,7
5,92,7
5,93,7
5,94,7
5,95,7
5,96,7
5,97,7
5,98,7
5,99,7
5,100,7
5,101,7
5,102,7
5,103,7
5,104,7
5,105,7
5,106,7
5,107,7
5,108,7
5,109,7
5,110,7
5,111,7
5,112,7
5,113,7
5,114,7
5,115,7
5,116,7
5,117,7
5,118,7
5,119,7
5,120,7
6,1,7
6,2,7
6,3,7
6,4,7
6,5,7
6,6,7
6,7,7
6,8,7
6,9,7
6,10,7
6,11,7
6,12,7
6,13,7
6,14,7
6,15,7
6,16,7
6,17,7
6,18,7
6,19,7
6,20,7
6,21,7
6,22,7
6,23,7
6,24,7
6,25,7
6,26,7
6,27,7
6,28,7
6,29,7
6,30,7
6,31,7
6,32,7
6,33,7
6,34,7
6,35,7
6,36,7
6,37,7
6,38,7
6,39,7
6,40,7
6,41,7
6,42,7
6,43,7
6,44,7
6,45,7
6,46,7
6,47,7
6,48,7
6,49,7
6,50,7
6,51,7
6,52,7
6,53,7
6,54,7
6,55,7
6,56,7
6,57,7
6,58,7
6,59,7
6,60,7
6,61,7
6,62,7
6,63,7
6,64,7
6,65,7
6,66,7
6,67,7
6,68,7
6,69,7
6,70,7
6,71,7
6,72,7
6,73,7
6,74,7
6,75,7
6,76,7
6,77,7
6,78,7
6,79,7
6,80,7
6,81,7
6,82,7
6,83,7
6,84,7
6,85,7
6,86,7
6,87,7
6,88,7
6,89,7
6,90,7
6,91,7
6,92,7
6,93,7
6,94,7
6,95,7
6,96,7
6,97,7
6,98,7
6,99,7
6,100,7
6,101,7
6,102,7
6,103,7
6,104,7
6,105,7
6,106,7
6,107,7
6,108,7
6,109,7
6,110,7
6,111,8
6,112,8
6,113,8
6,114,8
6,115,8
6,116,8
6,117,8
6,118,8
6,119,8
6,120,8
6,121,8
6,122,8
6,123,8
6,124,8
6,125,8
6,126,8
6,127,8
6,128,8
6,129,8
6,130,8
6,131,8
6,132,8
6,133,8
6,134,8
6,135,8
6,136,8
6,137,8
6,138,8
6,139,8
6,140,8
6,141,8
6,142,8
6,143,8
6,144,8
6,145,8
6,146,8
6,147,8
6,148,8
6,149,8
6,150,8
6,151,8
6,152,8
6,153,8
6,154,8
6,155,8
6,156,8
6,157,8
6,158,8
6,159,8
6,160,8
6,161,8
6,162,8
6,163,8
6,164,8
6,165,8
7,1,8
7,2,8
7,3,8
7,4,8
7,5,8
7,6,8
7,7,8
7,8,8
7,9,8
7,10,8
7,11,8
7,12,8
7,13,8
7,14,8
7,15,8
7,16,8
7,17,8
7,18,8
7,19,8
7,20,8
7,21,8
7,22,8
7,23,8
7,24,8
7,25,8
7,26,8
7,27,8
7,28,8
7,29,8
7,30,8
7,31,8
7,32,8
7,33,8
7,34,8
7,35,8
7,36,8
7,37,8
7,38,8
7,39,8
7,40,8
7,41,8
7,42,8
7,43,8
7,44,8
7,45,8
7,46,8
7,47,8
7,48,8
7,49,8
7,50,8
7,51,8
7,52,8
7,53,8
7,54,8
7,55,8
7,56,8
7,57,8
7,58,8
7,59,8
7,60,8
7,61,8
7,62,8
7,63,8
7,64,8
7,65,8
7,66,8
7,67,8
7,68,8
7,69,8
7,70,8
7,71,8
7,72,8
7,73,8
7,74,8
7,75,8
7,76,8
7,77,8
7,78,8
7,79,8
7,80,8
7,81,8
7,82,8
7,83,8
7,84,8
7,85,8
7,86,8
7,87,8
7,88,9
7,89,9
7,90,9
7,91,9
7,92,9
7,93,9
7,94,9
7,95,9
7,96,9
7,97,9
7,98,9
7,99,9
7,100,9
7,101,9
7,102,9
7,103,9
7,104,9
7,105,9
7,106,9
7,107,9
7,108,9
7,109,9
7,110,9
7,111,9
7,112,9
7,113,9
7,114,9
7,115,9
7,116,9
7,117,9
7,118,9
7,119,9
7,120,9
7,121,9
7,122,9
7,123,9
7,124,9
7,125,9
7,126,9
7,127,9
7,128,9
7,129,9
7,130,9
7,131,9
7,132,9
7,133,9
7,134,9
7,135,9
7,136,9
7,137,9
7,138,9
7,139,9
7,140,9
7,141,9
7,142,9
7,143,9
7,144,9
7,145,9
7,146,9
7,147,9
7,148,9
7,149,9
7,150,9
7,151,9
7,152,9
7,153,9
7,154,9
7,155,9
7,156,9
7,157,9
7,158,9
7,159,9
7,160,9
7,161,9
7,162,9
7,163,9
7,164,9
7,165,9
7,166,9
7,167,9
7,168,9
7,169,9
7,170,9
7,171,9
7,172,9
7,173,9
7,174,9
7,175,9
7,176,9
7,177,9
7,178,9
7,179,9
7,180,9
7,181,9
7,182,9
7,183,9
7,184,9
7,185,9
7,186,9
7,187,9
7,188,9
7,189,9
7,190,9
7,191,9
7,192,9
7,193,9
7,194,9
7,195,9
7,196,9
7,197,9
7,198,9
7,199,9
7,200,9
7,201,9
7,202,9
7,203,9
7,204,9
7,205,9
7,206,9
8,1,9
8,2,9
8,3,9
8,4,9
8,5,9
8,6,9
8,7,9
8,8,9
8,9,9
8,10,9
8,11,9
8,12,9
8,13,9
8,14,9
8,15,9
8,16,9
8,17,9
8,18,9
8,19,9
8,20,9
8,21,9
8,22,9
8,23,9
8,24,9
8,25,9
8,26,9
8,27,9
8,28,9
8,29,9
8,30,9
8,31,9
8,32,9
8,33,9
8,34,9
8,35,9
8,36,9
8,37,9
8,38,9
8,39,9
8,40,9
8,41,10
8,42,10
8,43,10
8,44,10
8,45,10
8,46,10
8,47,10
8,48,10
8,49,10
8,50,10
8,51,10
8,52,10
8,53,10
8,54,10
8,55,10
8,56,10
8,57,10
8,58,10
8,59,10
8,60,10
8,61,10
8,62,10
8,63,10
8,64,10
8,65,10
8,66,10
8,67,10
8,68,10
8,69,10
8,70,10
8,71,10
8,72,10
8,73,10
8,74,10
8,75,10
9,1,10
9,2,10
9,3,10
9,4,10
9,5,10
9,6,10
9,7,10
9,8,10
9,9,10
9,10,10
9,11,10
9,12,10
9,13,10
9,14,10
9,15,10
9,16,10
9,17,10
9,18,10
9,19,10
9,20,10
9,21,10
9,22,10
9,23,10
9,24,10
9,25,10
9,26,10
9,27,10
9,28,10
9,29,10
9,30,10
9,31,10
9,32,10
9,33,10
9,34,10
9,35,10
9,36,10
9,37,10
9,38,10
9,39,10
9,40,10
9,41,10
9,42,10
9,43,10
9,44,10
9,45,10
9,46,10
9,47,10
9,48,10
9,49,10
9,50,10
9,51,10
9,52,10
9,53,10
9,54,10
9,55,10
9,56,10
9,57,10
9,58,10
9,59,10
9,60,10
9,61,10
9,62,10
9,63,10
9,64,10
9,65,10
9,66,10
9,67,10
9,68,10
9,69,10
9,70,10
9,71,10
9,72,10
9,73,10
9,74,10
9,75,10
9,76,10
9,77,10
9,78,10
9,79,10
9,80,10
9,81,10
9,82,10
9,83,10
9,84,10
9,85,10
9,86,10
9,87,10
9,88,10
9,89,10
9,90,10
9,91,10
9,92,10
9,93,11
9,94,11
9,95,11
9,96,11
9,97,11
9,98,11
9,99,11
9,100,11
9,101,11
9,102,11
9,103,11
9,104,11
9,105,11
9,106,11
9,107,11
9,108,11
9,109,11
9,110,11
9,111,11
9,112,11
9,113,11
9,114,11
9,115,11
9,116,11
9,117,11
9,118,11
9,119,11
9,120,11
9,121,11
9,122,11
9,123,11
9,124,11
9,125,11
9,126,11
9,127,11
9,128,11
9,129,11
10,1,11
10,2,11
10,3,11
10,4,11
10,5,11
10,6,11
10,7,11
10,8,11
10,9,11
10,10,11
10,11,11
10,12,11
10,13,11
10,14,11
10,15,11
10,16,11
10,17,11
10,18,11
10,19,11
10,20,11
10,21,11
10,22,11
10,23,11
10,24,11
10,25,11
10,26,11
10,27,11
10,28,11
10,29,11
10,30,11
10,31,11
10,32,11
10,33,11
10,34,11
10,35,11
10,36,11
10,37,11
10,38,11
10,39,11
10,40,11
10,41,11
10,42,11
10,43,11
10,44,11
10,45,11
10,46,11
10,47,11
10,48,11
10,49,11
10,50,11
10,51,11
10,52,11
10,53,11
10,54,11
10,55,11
10,56,11
10,57,11
10,58,11
10,59,11
10,60,11
10,61,11
10,62,11
10,63,11
10,64,11
10,65,11
10,66,11
10,67,11
10,68,11
10,69,11
10,70,11
10,71,11
10,72,11
10,73,11
10,74,11
10,75,11
10,76,11
10,77,11
10,78,11
10,79,11
10,80,11
10,81,11
10,82,11
10,83,11
10,84,11
10,85,11
10,86,11
10,87,11
10,88,11
10,89,11
10,90,11
10,91,11
10,92,11
10,93,11
10,94,11
10,95,11
10,96,11
10,97,11
10,98,11
10,99,11
10,100,11
10,101,11
10,102,11
10,103,11
10,104,11
10,105,11
10,106,11
10,107,11
10,108,11
10,109,11
11,1,11
11,2,11
11,3,11
11,4,11
11,5,11
11,6,12
11,7,12
11,8,12
11,9,12
11,10,12
11,11,12
11,12,12
11,13,12
11,14,12
11,15,12
11,16,12
11,17,12
11,18,12
11,19,12
11,20,12
11,21,12
11,22,12
11,23,12
11,24,12
11,25,12
11,26,12
11,27,12
11,28,12
11,29,12
11,30,12
11,31,12
11,32,12
11,33,12
11,34,12
11,35,12
11,36,12
11,37,12
11,38,12
11,39,12
11,40,12
11,41,12
11,42,12
11,43,12
11,44,12
11,45,12
11,46,12
11,47,12
11,48,12
11,49,12
11,50,12
11,51,12
11,52,12
11,53,12
11,54,12
11,55,12
11,56,12
11,57,12
11,58,12
11,59,12
11,60,12
11,61,12
11,62,12
11,63,12
11,64,12
11,65,12
11,66,12
11,67,12
11,68,12
11,69,12
11,70,12
11,71,12
11,72,12
11,73,12
11,74,12
11,75,12
11,76,12
11,77,12
11,78,12
11,79,12
11,80,12
11,81,12
11,82,12
11,83,12
11,84,12
11,85,12
11,86,12
11,87,12
11,88,12
11,89,12
11,90,12
11,91,12
11,92,12
11,93,12
11,94,12
11,95,12
11,96,12
11,97,12
11,98,12
11,99,12
11,100,12
11,101,12
11,102,12
11,103,12
11,104,12
11,105,12
11,106,12
11,107,12
11,108,12
11,109,12
11,110,12
11,111,12
11,112,12
11,113,12
11,114,12
11,115,12
11,116,12
11,117,12
11,118,12
11,119,12
11,120,12
11,121,12
11,122,12
11,123,12
12,1,12
12,2,12
12,3,12
12,4,12
12,5,12
12,6,12
12,7,12
12,8,12
12,9,12
12,10,12
12,11,12
12,12,12
12,13,12
12,14,12
12,15,12
12,16,12
12,17,12
12,18,12
12,19,12
12,20,12
12,21,12
12,22,12
12,23,12
12,24,12
12,25,12
12,26,12
12,27,12
12,28,12
12,29,12
12,30,12
12,31,12
12,32,12
12,33,12
12,34,12
12,35,12
12,36,12
12,37,12
12,38,12
12,39,12
12,40,12
12,41,12
12,42,12
12,43,12
12,44,12
12,45,12
12,46,12
12,47,12
12,48,12
12,49,12
12,50,12
12,51,12
12,52,12
12,53,13
12,54,13
12,55,13
12,56,13
12,57,13
12,58,13
12,59,13
12,60,13
12,61,13
12,62,13
12,63,13
12,64,13
12,65,13
12,66,13
12,67,13
12,68,13
12,69,13
12,70,13
12,71,13
12,72,13
12,73,13
12,74,13
12,75,13
12,76,13
12,77,13
12,78,13
12,79,13
12,80,13
12,81,13
12,82,13
12,83,13
12,84,13
12,85,13
12,86,13
12,87,13
12,88,13
12,89,13
12,90,13
12,91,13
12,92,13
12,93,13
12,94,13
12,95,13
12,96,13
12,97,13
12,98,13
12,99,13
12,100,13
12,101,13
12,102,13
12,103,13
12,104,13
12,105,13
12,106,13
12,107,13
12,108,13
12,109,13
12,110,13
12,111,13
13,1,13
13,2,13
13,3,13
13,4,13
13,5,13
13,6,13
13,7,13
13,8,13
13,9,13
13,10,13
13,11,13
13,12,13
13,13,13
13,14,13
13,15,13
13,16,13
13,17,13
13,18,13
13,19,13
13,20,13
13,21,13
13,22,13
13,23,13
13,24,13
13,25,13
13,26,13
13,27,13
13,28,13
13,29,13
13,30,13
13,31,13
13,32,13
13,33,13
13,34,13
13,35,13
13,36,13
13,37,13
13,38,13
13,39,13
13,40,13
13,41,13
13,42,13
13,43,13
14,1,13
14,2,13
14,3,13
14,4,13
14,5,13
14,6,13
14,7,13
14,8,13
14,9,13
14,10,13
14,11,13
14,12,13
14,13,13
14,14,13
14,15,13
14,16,13
14,17,13
14,18,13
14,19,13
14,20,13
14,21,13
14,22,13
14,23,13
14,24,13
14,25,13
14,26,13
14,27,13
14,28,13
14,29,13
14,30,13
14,31,13
14,32,13
14,33,13
14,34,13
14,35,13
14,36,13
14,37,13
14,38,13
14,39,13
14,40,13
14,41,13
14,42,13
14,43,13
14,44,13
14,45,13
14,46,13
14,47,13
14,48,13
14,49,13
14,50,13
14,51,13
14,52,13
15,1,14
15,2,14
15,3,14
15,4,14
15,5,14
15,6,14
15,7,14
15,8,14
15,9,14
15,10,14
15,11,14
15,12,14
15,13,14
15,14,14
15,15,14
15,16,14
15,17,14
15,18,14
15,19,14
15,20,14
15,21,14
15,22,14
15,23,14
15,24,14
15,25,14
15,26,14
15,27,14
15,28,14
15,29,14
15,30,14
15,31,14
15,32,14
15,33,14
15,34,14
15,35,14
15,36,14
15,37,14
15,38,14
15,39,14
15,40,14
15,41,14
15,42,14
15,43,14
15,44,14
15,45,14
15,46,14
15,47,14
15,48,14
15,49,14
15,50,14
15,51,14
15,52,14
15,53,14
15,54,14
15,55,14
15,56,14
15,57,14
15,58,14
15,59,14
15,60,14
15,61,14
15,62,14
15,63,14
15,64,14
15,65,14
15,66,14
15,67,14
15,68,14
15,69,14
15,70,14
15,71,14
15,72,14
15,73,14
15,74,14
15,75,14
15,76,14
15,77,14
15,78,14
15,79,14
15,80,14
15,81,14
15,82,14
15,83,14
15,84,14
15,85,14
15,86,14
15,87,14
15,88,14
15,89,14
15,90,14
15,91,14
15,92,14
15,93,14
15,94,14
15,95,14
15,96,14
15,97,14
15,98,14
15,99,14
16,1,14
16,2,14
16,3,14
16,4,14
16,5,14
16,6,14
16,7,14
16,8,14
16,9,14
16,10,14
16,11,14
16,12,14
16,13,14
16,14,14
16,15,14
16,16,14
16,17,14
16,18,14
16,19,14
16,20,14
16,21,14
16,22,14
16,23,14
16,24,14
16,25,14
16,26,14
16,27,14
16,28,14
16,29,14
16,30,14
16,31,14
16,32,14
16,33,14
16,34,14
16,35,14
16,36,14
16,37,14
16,38,14
16,39,14
16,40,14
16,41,14
16,42,14
16,43,14
16,44,14
16,45,14
16,46,14
16,47,14
16,48,14
16,49,14
16,50,14
16,51,14
16,52,14
16,53,14
16,54,14
16,55,14
16,56,14
16,57,14
16,58,14
16,59,14
16,60,14
16,61,14
16,62,14
16,63,14
16,64,14
16,65,14
16,66,14
16,67,14
16,68,14
16,69,14
16,70,14
16,71,14
16,72,14
16,73,14
16,74,14
16,75,14
16,76,14
16,77,14
16,78,14
16,79,14
16,80,14
16,81,14
16,82,14
16,83,14
16,84,14
16,85,14
16,86,14
16,87,14
16,88,14
16,89,14
16,90,14
16,91,14
16,92,14
16,93,14
16,94,14
16,95,14
16,96,14
16,97,14
16,98,14
16,99,14
16,100,14
16,101,14
16,102,14
16,103,14
16,104,14
16,105,14
16,106,14
16,107,14
16,108,14
16,109,14
16,110,14
16,111,14
16,112,14
16,113,14
16,114,14
16,115,14
16,116,14
16,117,14
16,118,14
16,119,14
16,120,14
16,121,14
16,122,14
16,123,14
16,124,14
16,125,14
16,126,14
16,127,14
16,128,14
17,1,15
17,2,15
17,3,15
17,4,15
17,5,15
17,6,15
17,7,15
17,8,15
17,9,15
17,10,15
17,11,15
17,12,15
17,13,15
17,14,15
17,15,15
17,16,15
17,17,15
17,18,15
17,19,15
17,20,15
17,21,15
17,22,15
17,23,15
17,24,15
17,25,15
17,26,15
17,27,15
17,28,15
17,29,15
17,30,15
17,31,15
17,32,15
17,33,15
17,34,15
17,35,15
17,36,15
17,37,15
17,38,15
17,39,15
17,40,15
17,41,15
17,42,15
17,43,15
17,44,15
17,45,15
17,46,15
17,47,15
17,48,15
17,49,15
17,50,15
17,51,15
17,52,15
17,53,15
17,54,15
17,55,15
17,56,15
17,57,15
17,58,15
17,59,15
17,60,15
17,61,15
17,62,15
17,63,15
17,64,15
17,65,15
17,66,15
17,67,15
17,68,15
17,69,15
17,70,15
17,71,15
17,72,15
17,73,15
17,74,15
17,75,15
17,76,15
17,77,15
17,78,15
17,79,15
17,80,15
17,81,15
17,82,15
17,83,15
17,84,15
17,85,15
17,86,15
17,87,15
17,88,15
17,89,15
17,90,15
17,91,15
17,92,15
17,93,15
17,94,15
17,95,15
17,96,15
17,97,15
17,98,15
17,99,15
17,100,15
17,101,15
17,102,15
17,103,15
17,104,15
17,105,15
17,106,15
17,107,15
17,108,15
17,109,15
17,110,15
17,111,15
18,1,15
18,2,15
18,3,15
18,4,15
18,5,15
18,6,15
18,7,15
18,8,15
18,9,15
18,10,15
18,11,15
18,12,15
18,13,15
18,14,15
18,15,15
18,16,15
18,17,15
18,18,15
18,19,15
18,20,15
18,21,15
18,22,15
18,23,15
18,24,15
18,25,15
18,26,15
18,27,15
18,28,15
18,29,15
18,30,15
18,31,15
18,32,15
18,33,15
18,34,15
18,35,15
18,36,15
18,37,15
18,38,15
18,39,15
18,40,15
18,41,15
18,42,15
18,43,15
18,44,15
18,45,15
18,46,15
18,47,15
18,48,15
18,49,15
18,50,15
18,51,15
18,52,15
18,53,15
18,54,15
18,55,15
18,56,15
18,57,15
18,58,15
18,59,15
18,60,15
18,61,15
18,62,15
18,63,15
18,64,15
18,65,15
18,66,15
18,67,15
18,68,15
18,69,15
18,70,15
18,71,15
18,72,15
18,73,15
18,74,15
18,75,16
18,76,16
18,77,16
18,78,16
18,79,16
18,80,16
18,81,16
18,82,16
18,83,16
18,84,16
18,85,16
18,86,16
18,87,16
18,88,16
18,89,16
18,90,16
18,91,16
18,92,16
18,93,16
18,94,16
18,95,16
18,96,16
18,97,16
18,98,16
18,99,16
18,100,16
18,101,16
18,102,16
18,103,16
18,104,16
18,105,16
18,106,16
18,107,16
18,108,16
18,109,16
18,110,16
19,1,16
19,2,16
19,3,16
19,4,16
19,5,16
19,6,16
19,7,16
19,8,16
19,9,16
19,10,16
19,11,16
19,12,16
19,13,16
19,14,16
19,15,16
19,16,16
19,17,16
19,18,16
19,19,16
19,20,16
19,21,16
19,22,16
19,23,16
19,24,16
19,25,16
19,26,16
19,27,16
19,28,16
19,29,16
19,30,16
19,31,16
19,32,16
19,33,16
19,34,16
19,35,16
19,36,16
19,37,16
19,38,16
19,39,16
19,40,16
19,41,16
19,42,16
19,43,16
19,44,16
19,45,16
19,46,16
19,47,16
19,48,16
19,49,16
19,50,16
19,51,16
19,52,16
19,53,16
19,54,16
19,55,16
19,56,16
19,57,16
19,58,16
19,59,16
19,60,16
19,61,16
19,62,16
19,63,16
19,64,16
19,65,16
19,66,16
19,67,16
19,68,16
19,69,16
19,70,16
19,71,16
19,72,16
19,73,16
19,74,16
19,75,16
19,76,16
19,77,16
19,78,16
19,79,16
19,80,16
19,81,16
19,82,16
19,83,16
19,84,16
19,85,16
19,86,16
19,87,16
19,88,16
19,89,16
19,90,16
19,91,16
19,92,16
19,93,16
19,94,16
19,95,16
19,96,16
19,97,16
19,98,16
20,1,16
20,2,16
20,3,16
20,4,16
20,5,16
20,6,16
20,7,16
20,8,16
20,9,16
20,10,16
20,11,16
20,12,16
20,13,16
20,14,16
20,15,16
20,16,16
20,17,16
20,18,16
20,19,16
20,20,16
20,21,16
20,22,16
20,23,16
20,24,16
20,25,16
20,26,16
20,27,16
20,28,16
20,29,16
20,30,16
20,31,16
20,32,16
20,33,16
20,34,16
20,35,16
20,36,16
20,37,16
20,38,16
20,39,16
20,40,16
20,41,16
20,42,16
20,43,16
20,44,16
20,45,16
20,46,16
20,47,16
20,48,16
20,49,16
20,50,16
20,51,16
20,52,16
20,53,16
20,54,16
20,55,16
20,56,16
20,57,16
20,58,16
20,59,16
20,60,16
20,61,16
20,62,16
20,63,16
20,64,16
20,65,16
20,66,16
20,67,16
20,68,16
20,69,16
20,70,16
20,71,16
20,72,16
20,73,16
20,74,16
20,75,16
20,76,16
20,77,16
20,78,16
20,79,16
20,80,16
20,81,16
20,82,16
20,83,16
20,84,16
20,85,16
20,86,16
20,87,16
20,88,16
20,89,16
20,90,16
20,91,16
20,92,16
20,93,16
20,94,16
20,95,16
20,96,16
20,97,16
20,98,16
20,99,16
20,100,16
20,101,16
20,102,16
20,103,16
20,104,16
20,105,16
20,106,16
20,107,16
20,108,16
20,109,16
20,110,16
20,111,16
20,112,16
20,113,16
20,114,16
20,115,16
20,116,16
20,117,16
20,118,16
20,119,16
20,120,16
20,121,16
20,122,16
20,123,16
20,124,16
20,125,16
20,126,16
20,127,16
20,128,16
20,129,16
20,130,16
20,131,16
20,132,16
20,133,16
20,134,16
20,135,16
21,1,17
21,2,17
21,3,17
21,4,17
21,5,17
21,6,17
21,7,17
21,8,17
21,9,17
21,10,17
21,11,17
21,12,17
21,13,17
21,14,17
21,15,17
21,16,17
21,17,17
21,18,17
21,19,17
21,20,17
21,21,17
21,22,17
21,23,17
21,24,17
21,25,17
21,26,17
21,27,17
21,28,17
21,29,17
21,30,17
21,31,17
21,32,17
21,33,17
21,34,17
21,35,17
21,36,17
21,37,17
21,38,17
21,39,17
21,40,17
21,41,17
21,42,17
21,43,17
21,44,17
21,45,17
21,46,17
21,47,17
21,48,17
21,49,17
21,50,17
21,51,17
21,52,17
21,53,17
21,54,17
21,55,17
21,56,17
21,57,17
21,58,17
21,59,17
21,60,17
21,61,17
21,62,17
21,63,17
21,64,17
21,65,17
21,66,17
21,67,17
21,68,17
21,69,17
21,70,17
21,71,17
21,72,17
21,73,17
21,74,17
21,75,17
21,76,17
21,77,17
21,78,17
21,79,17
21,80,17
21,81,17
21,82,17
21,83,17
21,84,17
21,85,17
21,86,17
21,87,17
21,88,17
21,89,17
21,90,17
21,91,17
21,92,17
21,93,17
21,94,17
21,95,17
21,96,17
21,97,17
21,98,17
21,99,17
21,100,17
21,101,17
21,102,17
21,103,17
21,104,17
21,105,17
21,106,17
21,107,17
21,108,17
21,109,17
21,110,17
21,111,17
21,112,17
22,1,17
22,2,17
22,3,17
22,4,17
22,5,17
22,6,17
22,7,17
22,8,17
22,9,17
22,10,17
22,11,17
22,12,17
22,13,17
22,14,17
22,15,17
22,16,17
22,17,17
22,18,17
22,19,17
22,20,17
22,21,17
22,22,17
22,23,17
22,24,17
22,25,17
22,26,17
22,27,17
22,28,17
22,29,17
22,30,17
22,31,17
22,32,17
22,33,17
22,34,17
22,35,17
22,36,17
22,37,17
22,38,17
22,39,17
22,40,17
22,41,17
22,42,17
22,43,17
22,44,17
22,45,17
22,46,17
22,47,17
22,48,17
22,49,17
22,50,17
22,51,17
22,52,17
22,53,17
22,54,17
22,55,17
22,56,17
22,57,17
22,58,17
22,59,17
22,60,17
22,61,17
22,62,17
22,63,17
22,64,17
22,65,17
22,66,17
22,67,17
22,68,17
22,69,17
22,70,17
22,71,17
22,72,17
22,73,17
22,74,17
22,75,17
22,76,17
22,77,17
22,78,17
23,1,18
23,2,18
23,3,18
23,4,18
23,5,18
23,6,18
23,7,18
23,8,18
23,9,18
23,10,18
23,11,18
23,12,18
23,13,18
23,14,18
23,15,18
23,16,18
23,17,18
23,18,18
23,19,18
23,20,18
23,21,18
23,22,18
23,23,18
23,24,18
23,25,18
23,26,18
23,27,18
23,28,18
23,29,18
23,30,18
23,31,18
23,32,18
23,33,18
23,34,18
23,35,18
23,36,18
23,37,18
23,38,18
23,39,18
23,40,18
23,41,18
23,42,18
23,43,18
23,44,18
23,45,18
23,46,18
23,47,18
23,48,18
23,49,18
23,50,18
23,51,18
23,52,18
23,53,18
23,54,18
23,55,18
23,56,18
23,57,18
23,58,18
23,59,18
23,60,18
23,61,18
23,62,18
23,63,18
23,64,18
23,65,18
23,66,18
23,67,18
23,68,18
23,69,18
23,70,18
23,71,18
23,72,18
23,73,18
23,74,18
23,75,18
23,76,18
23,77,18
23,78,18
23,79,18
23,80,18
23,81,18
23,82,18
23,83,18
23,84,18
23,85,18
23,86,18
23,87,18
23,88,18
23,89,18
23,90,18
23,91,18
23,92,18
23,93,18
23,94,18
23,95,18
23,96,18
23,97,18
23,98,18
23,99,18
23,100,18
23,101,18
23,102,18
23,103,18
23,104,18
23,105,18
23,106,18
23,107,18
23,108,18
23,109,18
23,110,18
23,111,18
23,112,18
23,113,18
23,114,18
23,115,18
23,116,18
23,117,18
23,118,18
24,1,18
24,2,18
24,3,18
24,4,18
24,5,18
24,6,18
24,7,18
24,8,18
24,9,18
24,10,18
24,11,18
24,12,18
24,13,18
24,14,18
24,15,18
24,16,18
24,17,18
24,18,18
24,19,18
24,20,18
24,21,18
24,22,18
24,23,18
24,24,18
24,25,18
24,26,18
24,27,18
24,28,18
24,29,18
24,30,18
24,31,18
24,32,18
24,33,18
24,34,18
24,35,18
24,36,18
24,37,18
24,38,18
24,39,18
24,40,18
24,41,18
24,42,18
24,43,18
24,44,18
24,45,18
24,46,18
24,47,18
24,48,18
24,49,18
24,50,18
24,51,18
24,52,18
24,53,18
24,54,18
24,55,18
24,56,18
24,57,18
24,58,18
24,59,18
24,60,18
24,61,18
24,62,18
24,63,18
24,64,18
25,1,18
25,2,18
25,3,18
25,4,18
25,5,18
25,6,18
25,7,18
25,8,18
25,9,18
25,10,18
25,11,18
25,12,18
25,13,18
25,14,18
25,15,18
25,16,18
25,17,18
25,18,18
25,19,18
25,20,18
25,21,19
25,22,19
25,23,19
25,24,19
25,25,19
25,26,19
25,27,19
25,28,19
25,29,19
25,30,19
25,31,19
25,32,19
25,33,19
25,34,19
25,35,19
25,36,19
25,37,19
25,38,19
25,39,19
25,40,19
25,41,19
25,42,19
25,43,19
25,44,19
25,45,19
25,46,19
25,47,19
25,48,19
25,49,19
25,50,19
25,51,19
25,52,19
25,53,19
25,54,19
25,55,19
25,56,19
25,57,19
25,58,19
25,59,19
25,60,19
25,61,19
25,62,19
25,63,19
25,64,19
25,65,19
25,66,19
25,67,19
25,68,19
25,69,19
25,70,19
25,71,19
25,72,19
25,73,19
25,74,19
25,75,19
25,76,19
25,77,19
26,1,19
26,2,19
26,3,19
26,4,19
26,5,19
26,6,19
26,7,19
26,8,19
26,9,19
26,10,19
26,11,19
26,12,19
26,13,19
26,14,19
26,15,19
26,16,19
26,17,19
26,18,19
26,19,19
26,20,19
26,21,19
26,22,19
26,23,19
26,24,19
26,25,19
26,26,19
26,27,19
26,28,19
26,29,19
26,30,19
26,31,19
26,32,19
26,33,19
26,34,19
26,35,19
26,36,19
26,37,19
26,38,19
26,39,19
26,40,19
26,41,19
26,42,19
26,43,19
26,44,19
26,45,19
26,46,19
26,47,19
26,48,19
26,49,19
26,50,19
26,51,19
26,52,19
26,53,19
26,54,19
26,55,19
26,56,19
26,57,19
26,58,19
26,59,19
26,60,19
26,61,19
26,62,19
26,63,19
26,64,19
26,65,19
26,66,19
26,67,19
26,68,19
26,69,19
26,70,19
26,71,19
26,72,19
26,73,19
26,74,19
26,75,19
26,76,19
26,77,19
26,78,19
26,79,19
26,80,19
26,81,19
26,82,19
26,83,19
26,84,19
26,85,19
26,86,19
26,87,19
26,88,19
26,89,19
26,90,19
26,91,19
26,92,19
26,93,19
26,94,19
26,95,19
26,96,19
26,97,19
26,98,19
26,99,19
26,100,19
26,101,19
26,102,19
26,103,19
26,104,19
26,105,19
26,106,19
26,107,19
26,108,19
26,109,19
26,110,19
26,111,19
26,112,19
26,113,19
26,114,19
26,115,19
26,116,19
26,117,19
26,118,19
26,119,19
26,120,19
26,121,19
26,122,19
26,123,19
26,124,19
26,125,19
26,126,19
26,127,19
26,128,19
26,129,19
26,130,19
26,131,19
26,132,19
26,133,19
26,134,19
26,135,19
26,136,19
26,137,19
26,138,19
26,139,19
26,140,19
26,141,19
26,142,19
26,143,19
26,144,19
26,145,19
26,146,19
26,147,19
26,148,19
26,149,19
26,150,19
26,151,19
26,152,19
26,153,19
26,154,19
26,155,19
26,156,19
26,157,19
26,158,19
26,159,19
26,160,19
26,161,19
26,162,19
26,163,19
26,164,19
26,165,19
26,166,19
26,167,19
26,168,19
26,169,19
26,170,19
26,171,19
26,172,19
26,173,19
26,174,19
26,175,19
26,176,19
26,177,19
26,178,19
26,179,19
26,180,19
26,181,19
26,182,19
26,183,19
26,184,19
26,185,19
26,186,19
26,187,19
26,188,19
26,189,19
26,190,19
26,191,19
26,192,19
26,193,19
26,194,19
26,195,19
26,196,19
26,197,19
26,198,19
26,199,19
26,200,19
26,201,19
26,202,19
26,203,19
26,204,19
26,205,19
26,206,19
26,207,19
26,208,19
26,209,19
26,210,19
26,211,19
26,212,19
26,213,19
26,214,19
26,215,19
26,216,19
26,217,19
26,218,19
26,219,19
26,220,19
26,221,19
26,222,19
26,223,19
26,224,19
26,225,19
26,226,19
26,227,19
27,1,19
27,2,19
27,3,19
27,4,19
27,5,19
27,6,19
27,7,19
27,8,19
27,9,19
27,10,19
27,11,19
27,12,19
27,13,19
27,14,19
27,15,19
27,16,19
27,17,19
27,18,19
27,19,19
27,20,19
27,21,19
27,22,19
27,23,19
27,24,19
27,25,19
27,26,19
27,27,19
27,28,19
27,29,19
27,30,19
27,31,19
27,32,19
27,33,19
27,34,19
27,35,19
27,36,19
27,37,19
27,38,19
27,39,19
27,40,19
27,41,19
27,42,19
27,43,19
27,44,19
27,45,19
27,46,19
27,47,19
27,48,19
27,49,19
27,50,19
27,51,19
27,52,19
27,53,19
27,54,19
27,55,19
27,56,20
27,57,20
27,58,20
27,59,20
27,60,20
27,61,20
27,62,20
27,63,20
27,64,20
27,65,20
27,66,20
27,67,20
27,68,20
27,69,20
27,70,20
27,71,20
27,72,20
27,73,20
27,74,20
27,75,20
27,76,20
27,77,20
27,78,20
27,79,20
27,80,20
27,81,20
27,82,20
27,83,20
27,84,20
27,85,20
27,86,20
27,87,20
27,88,20
27,89,20
27,90,20
27,91,20
27,92,20
27,93,20
28,1,20
28,2,20
28,3,20
28,4,20
28,5,20
28,6,20
28,7,20
28,8,20
28,9,20
28,10,20
28,11,20
28,12,20
28,13,20
28,14,20
28,15,20
28,16,20
28,17,20
28,18,20
28,19,20
28,20,20
28,21,20
28,22,20
28,23,20
28,24,20
28,25,20
28,26,20
28,27,20
28,28,20
28,29,20
28,30,20
28,31,20
28,32,20
28,33,20
28,34,20
28,35,20
28,36,20
28,37,20
28,38,20
28,39,20
28,40,20
28,41,20
28,42,20
28,43,20
28,44,20
28,45,20
28,46,20
28,47,20
28,48,20
28,49,20
28,50,20
28,51,20
28,52,20
28,53,20
28,54,20
28,55,20
28,56,20
28,57,20
28,58,20
28,59,20
28,60,20
28,61,20
28,62,20
28,63,20
28,64,20
28,65,20
28,66,20
28,67,20
28,68,20
28,69,20
28,70,20
28,71,20
28,72,20
28,73,20
28,74,20
28,75,20
28,76,20
28,77,20
28,78,20
28,79,20
28,80,20
28,81,20
28,82,20
28,83,20
28,84,20
28,85,20
28,86,20
28,87,20
28,88,20
29,1,20
29,2,20
29,3,20
29,4,20
29,5,20
29,6,20
29,7,20
29,8,20
29,9,20
29,10,20
29,11,20
29,12,20
29,13,20
29,14,20
29,15,20
29,16,20
29,17,20
29,18,20
29,19,20
29,20,20
29,21,20
29,22,20
29,23,20
29,24,20
29,25,20
29,26,20
29,27,20
29,28,20
29,29,20
29,30,20
29,31,20
29,32,20
29,33,20
29,34,20
29,35,20
29,36,20
29,37,20
29,38,20
29,39,20
29,40,20
29,41,20
29,42,20
29,43,20
29,44,20
29,45,20
29,46,21
29,47,21
29,48,21
29,49,21
29,50,21
29,51,21
29,52,21
29,53,21
29,54,21
29,55,21
29,56,21
29,57,21
29,58,21
29,59,21
29,60,21
29,61,21
29,62,21
29,63,21
29,64,21
29,65,21
29,66,21
29,67,21
29,68,21
29,69,21
30,1,21
30,2,21
30,3,21
30,4,21
30,5,21
30,6,21
30,7,21
30,8,21
30,9,21
30,10,21
30,11,21
30,12,21
30,13,21
30,14,21
30,15,21
30,16,21
30,17,21
30,18,21
30,19,21
30,20,21
30,21,21
30,22,21
30,23,21
30,24,21
30,25,21
30,26,21
30,27,21
30,28,21
30,29,21
30,30,21
30,31,21
30,32,21
30,33,21
30,34,21
30,35,21
30,36,21
30,37,21
30,38,21
30,39,21
30,40,21
30,41,21
30,42,21
30,43,21
30,44,21
30,45,21
30,46,21
30,47,21
30,48,21
30,49,21
30,50,21
30,51,21
30,52,21
30,53,21
30,54,21
30,55,21
30,56,21
30,57,21
30,58,21
30,59,21
30,60,21
31,1,21
31,2,21
31,3,21
31,4,21
31,5,21
31,6,21
31,7,21
31,8,21
31,9,21
31,10,21
31,11,21
31,12,21
31,13,21
31,14,21
31,15,21
31,16,21
31,17,21
31,18,21
31,19,21
31,20,21
31,21,21
31,22,21
31,23,21
31,24,21
31,25,21
31,26,21
31,27,21
31,28,21
31,29,21
31,30,21
31,31,21
31,32,21
31,33,21
31,34,21
32,1,21
32,2,21
32,3,21
32,4,21
32,5,21
32,6,21
32,7,21
32,8,21
32,9,21
32,10,21
32,11,21
32,12,21
32,13,21
32,14,21
32,15,21
32,16,21
32,17,21
32,18,21
32,19,21
32,20,21
32,21,21
32,22,21
32,23,21
32,24,21
32,25,21
32,26,21
32,27,21
32,28,21
32,29,21
32,30,21
33,1,21
33,2,21
33,3,21
33,4,21
33,5,21
33,6,21
33,7,21
33,8,21
33,9,21
33,10,21
33,11,21
33,12,21
33,13,21
33,14,21
33,15,21
33,16,21
33,17,21
33,18,21
33,19,21
33,20,21
33,21,21
33,22,21
33,23,21
33,24,21
33,25,21
33,26,21
33,27,21
33,28,21
33,29,21
33,30,21
33,31,22
33,32,22
33,33,22
33,34,22
33,35,22
33,36,22
33,37,22
33,38,22
33,39,22
33,40,22
33,41,22
33,42,22
33,43,22
33,44,22
33,45,22
33,46,22
33,47,22
33,48,22
33,49,22
33,50,22
33,51,22
33,52,22
33,53,22
33,54,22
33,55,22
33,56,22
33,57,22
33,58,22
33,59,22
33,60,22
33,61,22
33,62,22
33,63,22
33,64,22
33,65,22
33,66,22
33,67,22
33,68,22
33,69,22
33,70,22
33,71,22
33,72,22
33,73,22
34,1,22
34,2,22
34,3,22
34,4,22
34,5,22
34,6,22
34,7,22
34,8,22
34,9,22
34,10,22
34,11,22
34,12,22
34,13,22
34,14,22
34,15,22
34,16,22
34,17,22
34,18,22
34,19,22
34,20,22
34,21,22
34,22,22
34,23,22
34,24,22
34,25,22
34,26,22
34,27,22
34,28,22
34,29,22
34,30,22
34,31,22
34,32,22
34,33,22
34,34,22
34,35,22
34,36,22
34,37,22
34,38,22
34,39,22
34,40,22
34,41,22
34,42,22
34,43,22
34,44,22
34,45,22
34,46,22
34,47,22
34,48,22
34,49,22
34,50,22
34,51,22
34,52,22
34,53,22
34,54,22
35,1,22
35,2,22
35,3,22
35,4,22
35,5,22
35,6,22
35,7,22
35,8,22
35,9,22
35,10,22
35,11,22
35,12,22
35,13,22
35,14,22
35,15,22
35,16,22
35,17,22
35,18,22
35,19,22
35,20,22
35,21,22
35,22,22
35,23,22
35,24,22
35,25,22
35,26,22
35,27,22
35,28,22
35,29,22
35,30,22
35,31,22
35,32,22
35,33,22
35,34,22
35,35,22
35,36,22
35,37,22
35,38,22
35,39,22
35,40,22
35,41,22
35,42,22
35,43,22
35,44,22
35,45,22
36,1,22
36,2,22
36,3,22
36,4,22
36,5,22
36,6,22
36,7,22
36,8,22
36,9,22
36,10,22
36,11,22
36,12,22
36,13,22
36,14,22
36,15,22
36,16,22
36,17,22
36,18,22
36,19,22
36,20,22
36,21,22
36,22,22
36,23,22
36,24,22
36,25,22
36,26,22
36,27,22
36,28,23
36,29,23
36,30,23
36,31,23
36,32,23
36,33,23
36,34,23
36,35,23
36,36,23
36,37,23
36,38,23
36,39,23
36,40,23
36,41,23
36,42,23
36,43,23
36,44,23
36,45,23
36,46,23
36,47,23
36,48,23
36,49,23
36,50,23
36,51,23
36,52,23
36,53,23
36,54,23
36,55,23
36,56,23
36,57,23
36,58,23
36,59,23
36,60,23
36,61,23
36,62,23
36,63,23
36,64,23
36,65,23
36,66,23
36,67,23
36,68,23
36,69,23
36,70,23
36,71,23
36,72,23
36,73,23
36,74,23
36,75,23
36,76,23
36,77,23
36,78,23
36,79,23
36,80,23
36,81,23
36,82,23
36,83,23
37,1,23
37,2,23
37,3,23
37,4,23
37,5,23
37,6,23
37,7,23
37,8,23
37,9,23
37,10,23
37,11,23
37,12,23
37,13,23
37,14,23
37,15,23
37,16,23
37,17,23
37,18,23
37,19,23
37,20,23
37,21,23
37,22,23
37,23,23
37,24,23
37,25,23
37,26,23
37,27,23
37,28,23
37,29,23
37,30,23
37,31,23
37,32,23
37,33,23
37,34,23
37,35,23
37,36,23
37,37,23
37,38,23
37,39,23
37,40,23
37,41,23
37,42,23
37,43,23
37,44,23
37,45,23
37,46,23
37,47,23
37,48,23
37,49,23
37,50,23
37,51,23
37,52,23
37,53,23
37,54,23
37,55,23
37,56,23
37,57,23
37,58,23
37,59,23
37,60,23
37,61,23
37,62,23
37,63,23
37,64,23
37,65,23
37,66,23
37,67,23
37,68,23
37,69,23
37,70,23
37,71,23
37,72,23
37,73,23
37,74,23
37,75,23
37,76,23
37,77,23
37,78,23
37,79,23
37,80,23
37,81,23
37,82,23
37,83,23
37,84,23
37,85,23
37,86,23
37,87,23
37,88,23
37,89,23
37,90,23
37,91,23
37,92,23
37,93,23
37,94,23
37,95,23
37,96,23
37,97,23
37,98,23
37,99,23
37,100,23
37,101,23
37,102,23
37,103,23
37,104,23
37,105,23
37,106,23
37,107,23
37,108,23
37,109,23
37,110,23
37,111,23
37,112,23
37,113,23
37,114,23
37,115,23
37,116,23
37,117,23
37,118,23
37,119,23
37,120,23
37,121,23
37,122,23
37,123,23
37,124,23
37,125,23
37,126,23
37,127,23
37,128,23
37,129,23
37,130,23
37,131,23
37,132,23
37,133,23
37,134,23
37,135,23
37,136,23
37,137,23
37,138,23
37,139,23
37,140,23
37,141,23
37,142,23
37,143,23
37,144,23
37,145,23
37,146,23
37,147,23
37,148,23
37,149,23
37,150,23
37,151,23
37,152,23
37,153,23
37,154,23
37,155,23
37,156,23
37,157,23
37,158,23
37,159,23
37,160,23
37,161,23
37,162,23
37,163,23
37,164,23
37,165,23
37,166,23
37,167,23
37,168,23
37,169,23
37,170,23
37,171,23
37,172,23
37,173,23
37,174,23
37,175,23
37,176,23
37,177,23
37,178,23
37,179,23
37,180,23
37,181,23
37,182,23
38,1,23
38,2,23
38,3,23
38,4,23
38,5,23
38,6,23
38,7,23
38,8,23
38,9,23
38,10,23
38,11,23
38,12,23
38,13,23
38,14,23
38,15,23
38,16,23
38,17,23
38,18,23
38,19,23
38,20,23
38,21,23
38,22,23
38,23,23
38,24,23
38,25,23
38,26,23
38,27,23
38,28,23
38,29,23
38,30,23
38,31,23
38,32,23
38,33,23
38,34,23
38,35,23
38,36,23
38,37,23
38,38,23
38,39,23
38,40,23
38,41,23
38,42,23
38,43,23
38,44,23
38,45,23
38,46,23
38,47,23
38,48,23
38,49,23
38,50,23
38,51,23
38,52,23
38,53,23
38,54,23
38,55,23
38,56,23
38,57,23
38,58,23
38,59,23
38,60,23
38,61,23
38,62,23
38,63,23
38,64,23
38,65,23
38,66,23
38,67,23
38,68,23
38,69,23
38,70,23
38,71,23
38,72,23
38,73,23
38,74,23
38,75,23
38,76,23
38,77,23
38,78,23
38,79,23
38,80,23
38,81,23
38,82,23
38,83,23
38,84,23
38,85,23
38,86,23
38,87,23
38,88,23
39,1,23
39,2,23
39,3,23
39,4,23
39,5,23
39,6,23
39,7,23
39,8,23
39,9,23
39,10,23
39,11,23
39,12,23
39,13,23
39,14,23
39,15,23
39,16,23
39,17,23
39,18,23
39,19,23
39,20,23
39,21,23
39,22,23
39,23,23
39,24,23
39,25,23
39,26,23
39,27,23
39,28,23
39,29,23
39,30,23
39,31,23
39,32,24
39,33,24
39,34,24
39,35,24
39,36,24
39,37,24
39,38,24
39,39,24
39,40,24
39,41,24
39,42,24
39,43,24
39,44,24
39,45,24
39,46,24
39,47,24
39,48,24
39,49,24
39,50,24
39,51,24
39,52,24
39,53,24
39,54,24
39,55,24
39,56,24
39,57,24
39,58,24
39,59,24
39,60,24
39,61,24
39,62,24
39,63,24
39,64,24
39,65,24
39,66,24
39,67,24
39,68,24
39,69,24
39,70,24
39,71,24
39,72,24
39,73,24
39,74,24
39,75,24
40,1,24
40,2,24
40,3,24
40,4,24
40,5,24
40,6,24
40,7,24
40,8,24
40,9,24
40,10,24
40,11,24
40,12,24
40,13,24
40,14,24
40,15,24
40,16,24
40,17,24
40,18,24
40,19,24
40,20,24
40,21,24
40,22,24
40,23,24
40,24,24
40,25,24
40,26,24
40,27,24
40,28,24
40,29,24
40,30,24
40,31,24
40,32,24
40,33,24
40,34,24
40,35,24
40,36,24
40,37,24
40,38,24
40,39,24
40,40,24
40,41,24
40,42,24
40,43,24
40,44,24
40,45,24
40,46,24
40,47,24
40,48,24
40,49,24
40,50,24
40,51,24
40,52,24
40,53,24
40,54,24
40,55,24
40,56,24
40,57,24
40,58,24
40,59,24
40,60,24
40,61,24
40,62,24
40,63,24
40,64,24
40,65,24
40,66,24
40,67,24
40,68,24
40,69,24
40,70,24
40,71,24
40,72,24
40,73,24
40,74,24
40,75,24
40,76,24
40,77,24
40,78,24
40,79,24
40,80,24
40,81,24
40,82,24
40,83,24
40,84,24
40,85,24
41,1,24
41,2,24
41,3,24
41,4,24
41,5,24
41,6,24
41,7,24
41,8,24
41,9,24
41,10,24
41,11,24
41,12,24
41,13,24
41,14,24
41,15,24
41,16,24
41,17,24
41,18,24
41,19,24
41,20,24
41,21,24
41,22,24
41,23,24
41,24,24
41,25,24
41,26,24
41,27,24
41,28,24
41,29,24
41,30,24
41,31,24
41,32,24
41,33,24
41,34,24
41,35,24
41,36,24
41,37,24
41,38,24
41,39,24
41,40,24
41,41,24
41,42,24
41,43,24
41,44,24
41,45,24
41,46,24
41,47,25
41,48,25
41,49,25
41,50,25
41,51,25
41,52,25
41,53,25
41,54,25
42,1,25
42,2,25
42,3,25
42,4,25
42,5,25
42,6,25
42,7,25
42,8,25
42,9,25
42,10,25
42,11,25
42,12,25
42,13,25
42,14,25
42,15,25
42,16,25
42,17,25
42,18,25
42,19,25
42,20,25
42,21,25
42,22,25
42,23,25
42,24,25
42,25,25
42,26,25
42,27,25
42,28,25
42,29,25
42,30,25
42,31,25
42,32,25
42,33,25
42,34,25
42,35,25
42,36,25
42,37,25
42,38,25
42,39,25
42,40,25
42,41,25
42,42,25
42,43,25
42,44,25
42,45,25
42,46,25
42,47,25
42,48,25
42,49,25
42,50,25
42,51,25
42,52,25
42,53,25
43,1,25
43,2,25
43,3,25
43,4,25
43,5,25
43,6,25
43,7,25
43,8,25
43,9,25
43,10,25
43,11,25
43,12,25
43,13,25
43,14,25
43,15,25
43,16,25
43,17,25
43,18,25
43,19,25
43,20,25
43,21,25
43,22,25
43,23,25
43,24,25
43,25,25
43,26,25
43,27,25
43,28,25
43,29,25
43,30,25
43,31,25
43,32,25
43,33,25
43,34,25
43,35,25
43,36,25
43,37,25
43,38,25
43,39,25
43,40,25
43,41,25
43,42,25
43,43,25
43,44,25
43,45,25
43,46,25
43,47,25
43,48,25
43,49,25
43,50,25
43,51,25
43,52,25
43,53,25
43,54,25
43,55,25
43,56,25
43,57,25
43,58,25
43,59,25
43,60,25
43,61,25
43,62,25
43,63,25
43,64,25
43,65,25
43,66,25
43,67,25
43,68,25
43,69,25
43,70,25
43,71,25
43,72,25
43,73,25
43,74,25
43,75,25
43,76,25
43,77,25
43,78,25
43,79,25
43,80,25
43,81,25
43,82,25
43,83,25
43,84,25
43,85,25
43,86,25
43,87,25
43,88,25
43,89,25
44,1,25
44,2,25
44,3,25
44,4,25
44,5,25
44,6,25
44,7,25
44,8,25
44,9,25
44,10,25
44,11,25
44,12,25
44,13,25
44,14,25
44,15,25
44,16,25
44,17,25
44,18,25
44,19,25
44,20,25
44,21,25
44,22,25
44,23,25
44,24,25
44,25,25
44,26,25
44,27,25
44,28,25
44,29,25
44,30,25
44,31,25
44,32,25
44,33,25
44,34,25
44,35,25
44,36,25
44,37,25
44,38,25
44,39,25
44,40,25
44,41,25
44,42,25
44,43,25
44,44,25
44,45,25
44,46,25
44,47,25
44,48,25
44,49,25
44,50,25
44,51,25
44,52,25
44,53,25
44,54,25
44,55,25
44,56,25
44,57,25
44,58,25
44,59,25
45,1,25
45,2,25
45,3,25
45,4,25
45,5,25
45,6,25
45,7,25
45,8,25
45,9,25
45,10,25
45,11,25
45,12,25
45,13,25
45,14,25
45,15,25
45,16,25
45,17,25
45,18,25
45,19,25
45,20,25
45,21,25
45,22,25
45,23,25
45,24,25
45,25,25
45,26,25
45,27,25
45,28,25
45,29,25
45,30,25
45,31,25
45,32,25
45,33,25
45,34,25
45,35,25
45,36,25
45,37,25
46,1,26
46,2,26
46,3,26
46,4,26
46,5,26
46,6,26
46,7,26
46,8,26
46,9,26
46,10,26
46,11,26
46,12,26
46,13,26
46,14,26
46,15,26
46,16,26
46,17,26
46,18,26
46,19,26
46,20,26
46,21,26
46,22,26
46,23,26
46,24,26
46,25,26
46,26,26
46,27,26
46,28,26
46,29,26
46,30,26
46,31,26
46,32,26
46,33,26
46,34,26
46,35,26
47,1,26
47,2,26
47,3,26
47,4,26
47,5,26
47,6,26
47,7,26
47,8,26
47,9,26
47,10,26
47,11,26
47,12,26
47,13,26
47,14,26
47,15,26
47,16,26
47,17,26
47,18,26
47,19,26
47,20,26
47,21,26
47,22,26
47,23,26
47,24,26
47,25,26
47,26,26
47,27,26
47,28,26
47,29,26
47,30,26
47,31,26
47,32,26
47,33,26
47,34,26
47,35,26
47,36,26
47,37,26
47,38,26
48,1,26
48,2,26
48,3,26
48,4,26
48,5,26
48,6,26
48,7,26
48,8,26
48,9,26
48,10,26
48,11,26
48,12,26
48,13,26
48,14,26
48,15,26
48,16,26
48,17,26
48,18,26
48,19,26
48,20,26
48,21,26
48,22,26
48,23,26
48,24,26
48,25,26
48,26,26
48,27,26
48,28,26
48,29,26
49,1,26
49,2,26
49,3,26
49,4,26
49,5,26
49,6,26
49,7,26
49,8,26
49,9,26
49,10,26
49,11,26
49,12,26
49,13,26
49,14,26
49,15,26
49,16,26
49,17,26
49,18,26
50,1,26
50,2,26
50,3,26
50,4,26
50,5,26
50,6,26
50,7,26
50,8,26
50,9,26
50,10,26
50,11,26
50,12,26
50,13,26
50,14,26
50,15,26
50,16,26
50,17,26
50,18,26
50,19,26
50,20,26
50,21,26
50,22,26
50,23,26
50,24,26
50,25,26
50,26,26
50,27,26
50,28,26
50,29,26
50,30,26
50,31,26
50,32,26
50,33,26
50,34,26
50,35,26
50,36,26
50,37,26
50,38,26
50,39,26
50,40,26
50,41,26
50,42,26
50,43,26
50,44,26
50,45,26
51,1,26
51,2,26
51,3,26
51,4,26
51,5,26
51,6,26
51,7,26
51,8,26
51,9,26
51,10,26
51,11,26
51,12,26
51,13,26
51,14,26
51,15,26
51,16,26
51,17,26
51,18,26
51,19,26
51,20,26
51,21,26
51,22,26
51,23,26
51,24,26
51,25,26
51,26,26
51,27,26
51,28,26
51,29,26
51,30,26
51,31,27
51,32,27
51,33,27
51,34,27
51,35,27
51,36,27
51,37,27
51,38,27
51,39,27
51,40,27
51,41,27
51,42,27
51,43,27
51,44,27
51,45,27
51,46,27
51,47,27
51,48,27
51,49,27
51,50,27
51,51,27
51,52,27
51,53,27
51,54,27
51,55,27
51,56,27
51,57,27
51,58,27
51,59,27
51,60,27
52,1,27
52,2,27
52,3,27
52,4,27
52,5,27
52,6,27
52,7,27
52,8,27
52,9,27
52,10,27
52,11,27
52,12,27
52,13,27
52,14,27
52,15,27
52,16,27
52,17,27
52,18,27
52,19,27
52,20,27
52,21,27
52,22,27
52,23,27
52,24,27
52,25,27
52,26,27
52,27,27
52,28,27
52,29,27
52,30,27
52,31,27
52,32,27
52,33,27
52,34,27
52,35,27
52,36,27
52,37,27
52,38,27
52,39,27
52,40,27
52,41,27
52,42,27
52,43,27
52,44,27
52,45,27
52,46,27
52,47,27
52,48,27
52,49,27
53,1,27
53,2,27
53,3,27
53,4,27
53,5,27
53,6,27
53,7,27
53,8,27
53,9,27
53,10,27
53,11,27
53,12,27
53,13,27
53,14,27
53,15,27
53,16,27
53,17,27
53,18,27
53,19,27
53,20,27
53,21,27
53,22,27
53,23,27
53,24,27
53,25,27
53,26,27
53,27,27
53,28,27
53,29,27
53,30,27
53,31,27
53,32,27
53,33,27
53,34,27
53,35,27
53,36,27
53,37,27
53,38,27
53,39,27
53,40,27
53,41,27
53,42,27
53,43,27
53,44,27
53,45,27
53,46,27
53,47,27
53,48,27
53,49,27
53,50,27
53,51,27
53,52,27
53,53,27
53,54,27
53,55,27
53,56,27
53,57,27
53,58,27
53,59,27
53,60,27
53,61,27
53,62,27
54,1,27
54,2,27
54,3,27
54,4,27
54,5,27
54,6,27
54,7,27
54,8,27
54,9,27
54,10,27
54,11,27
54,12,27
54,13,27
54,14,27
54,15,27
54,16,27
54,17,27
54,18,27
54,19,27
54,20,27
54,21,27
54,22,27
54,23,27
54,24,27
54,25,27
54,26,27
54,27,27
54,28,27
54,29,27
54,30,27
54,31,27
54,32,27
54,33,27
54,34,27
54,35,27
54,36,27
54,37,27
54,38,27
54,39,27
54,40,27
54,41,27
54,42,27
54,43,27
54,44,27
54,45,27
54,46,27
54,47,27
54,48,27
54,49,27
54,50,27
54,51,27
54,52,27
54,53,27
54,54,27
54,55,27
55,1,27
55,2,27
55,3,27
55,4,27
55,5,27
55,6,27
55,7,27
55,8,27
55,9,27
55,10,27
55,11,27
55,12,27
55,13,27
55,14,27
55,15,27
55,16,27
55,17,27
55,18,27
55,19,27
55,20,27
55,21,27
55,22,27
55,23,27
55,24,27
55,25,27
55,26,27
55,27,27
55,28,27
55,29,27
55,30,27
55,31,27
55,32,27
55,33,27
55,34,27
55,35,27
55,36,27
55,37,27
55,38,27
55,39,27
55,40,27
55,41,27
55,42,27
55,43,27
55,44,27
55,45,27
55,46,27
55,47,27
55,48,27
55,49,27
55,50,27
55,51,27
55,52,27
55,53,27
55,54,27
55,55,27
55,56,27
55,57,27
55,58,27
55,59,27
55,60,27
55,61,27
55,62,27
55,63,27
55,64,27
55,65,27
55,66,27
55,67,27
55,68,27
55,69,27
55,70,27
55,71,27
55,72,27
55,73,27
55,74,27
55,75,27
55,76,27
55,77,27
55,78,27
56,1,27
56,2,27
56,3,27
56,4,27
56,5,27
56,6,27
56,7,27
56,8,27
56,9,27
56,10,27
56,11,27
56,12,27
56,13,27
56,14,27
56,15,27
56,16,27
56,17,27
56,18,27
56,19,27
56,20,27
56,21,27
56,22,27
56,23,27
56,24,27
56,25,27
56,26,27
56,27,27
56,28,27
56,29,27
56,30,27
56,31,27
56,32,27
56,33,27
56,34,27
56,35,27
56,36,27
56,37,27
56,38,27
56,39,27
56,40,27
56,41,27
56,42,27
56,43,27
56,44,27
56,45,27
56,46,27
56,47,27
56,48,27
56,49,27
56,50,27
56,51,27
56,52,27
56,53,27
56,54,27
56,55,27
56,56,27
56,57,27
56,58,27
56,59,27
56,60,27
56,61,27
56,62,27
56,63,27
56,64,27
56,65,27
56,66,27
56,67,27
56,68,27
56,69,27
56,70,27
56,71,27
56,72,27
56,73,27
56,74,27
56,75,27
56,76,27
56,77,27
56,78,27
56,79,27
56,80,27
56,81,27
56,82,27
56,83,27
56,84,27
56,85,27
56,86,27
56,87,27
56,88,27
56,89,27
56,90,27
56,91,27
56,92,27
56,93,27
56,94,27
56,95,27
56,96,27
57,1,27
57,2,27
57,3,27
57,4,27
57,5,27
57,6,27
57,7,27
57,8,27
57,9,27
57,10,27
57,11,27
57,12,27
57,13,27
57,14,27
57,15,27
57,16,27
57,17,27
57,18,27
57,19,27
57,20,27
57,21,27
57,22,27
57,23,27
57,24,27
57,25,27
57,26,27
57,27,27
57,28,27
57,29,27
58,1,28
58,2,28
58,3,28
58,4,28
58,5,28
58,6,28
58,7,28
58,8,28
58,9,28
58,10,28
58,11,28
58,12,28
58,13,28
58,14,28
58,15,28
58,16,28
58,17,28
58,18,28
58,19,28
58,20,28
58,21,28
58,22,28
59,1,28
59,2,28
59,3,28
59,4,28
59,5,28
59,6,28
59,7,28
59,8,28
59,9,28
59,10,28
59,11,28
59,12,28
59,13,28
59,14,28
59,15,28
59,16,28
59,17,28
59,18,28
59,19,28
59,20,28
59,21,28
59,22,28
59,23,28
59,24,28
60,1,28
60,2,28
60,3,28
60,4,28
60,5,28
60,6,28
60,7,28
60,8,28
60,9,28
60,10,28
60,11,28
60,12,28
60,13,28
61,1,28
61,2,28
61,3,28
61,4,28
61,5,28
61,6,28
61,7,28
61,8,28
61,9,28
61,10,28
61,11,28
61,12,28
61,13,28
61,14,28
62,1,28
62,2,28
62,3,28
62,4,28
62,5,28
62,6,28
62,7,28
62,8,28
62,9,28
62,10,28
62,11,28
63,1,28
63,2,28
63,3,28
63,4,28
63,5,28
63,6,28
63,7,28
63,8,28
63,9,28
63,10,28
63,11,28
64,1,28
64,2,28
64,3,28
64,4,28
64,5,28
64,6,28
64,7,28
64,8,28
64,9,28
64,10,28
64,11,28
64,12,28
64,13,28
64,14,28
64,15,28
64,16,28
64,17,28
64,18,28
65,1,28
65,2,28
65,3,28
65,4,28
65,5,28
65,6,28
65,7,28
65,8,28
65,9,28
65,10,28
65,11,28
65,12,28
66,1,28
66,2,28
66,3,28
66,4,28
66,5,28
66,6,28
66,7,28
66,8,28
66,9,28
66,10,28
66,11,28
66,12,28
67,1,29
67,2,29
67,3,29
67,4,29
67,5,29
67,6,29
67,7,29
67,8,29
67,9,29
67,10,29
67,11,29
67,12,29
67,13,29
67,14,29
67,15,29
67,16,29
67,17,29
67,18,29
67,19,29
67,20,29
67,21,29
67,22,29
67,23,29
67,24,29
67,25,29
67,26,29
67,27,29
67,28,29
67,29,29
67,30,29
68,1,29
68,2,29
68,3,29
68,4,29
68,5,29
68,6,29
68,7,29
68,8,29
68,9,29
68,10,29
68,11,29
68,12,29
68,13,29
68,14,29
68,15,29
68,16,29
68,17,29
68,18,29
68,19,29
68,20,29
68,21,29
68,22,29
68,23,29
68,24,29
68,25,29
68,26,29
68,27,29
68,28,29
68,29,29
68,30,29
68,31,29
68,32,29
68,33,29
68,34,29
68,35,29
68,36,29
68,37,29
68,38,29
68,39,29
68,40,29
68,41,29
68,42,29
68,43,29
68,44,29
68,45,29
68,46,29
68,47,29
68,48,29
68,49,29
68,50,29
68,51,29
68,52,29
69,1,29
69,2,29
69,3,29
69,4,29
69,5,29
69,6,29
69,7,29
69,8,29
69,9,29
69,10,29
69,11,29
69,12,29
69,13,29
69,14,29
69,15,29
69,16,29
69,17,29
69,18,29
69,19,29
69,20,29
69,21,29
69,22,29
69,23,29
69,24,29
69,25,29
69,26,29
69,27,29
69,28,29
69,29,29
69,30,29
69,31,29
69,32,29
69,33,29
69,34,29
69,35,29
69,36,29
69,37,29
69,38,29
69,39,29
69,40,29
69,41,29
69,42,29
69,43,29
69,44,29
69,45,29
69,46,29
69,47,29
69,48,29
69,49,29
69,50,29
69,51,29
69,52,29
70,1,29
70,2,29
70,3,29
70,4,29
70,5,29
70,6,29
70,7,29
70,8,29
70,9,29
70,10,29
70,11,29
70,12,29
70,13,29
70,14,29
70,15,29
70,16,29
70,17,29
70,18,29
70,19,29
70,20,29
70,21,29
70,22,29
70,23,29
70,24,29
70,25,29
70,26,29
70,27,29
70,28,29
70,29,29
70,30,29
70,31,29
70,32,29
70,33,29
70,34,29
70,35,29
70,36,29
70,37,29
70,38,29
70,39,29
70,40,29
70,41,29
70,42,29
70,43,29
70,44,29
71,1,29
71,2,29
71,3,29
71,4,29
71,5,29
71,6,29
71,7,29
71,8,29
71,9,29
71,10,29
71,11,29
71,12,29
71,13,29
71,14,29
71,15,29
71,16,29
71,17,29
71,18,29
71,19,29
71,20,29
71,21,29
71,22,29
71,23,29
71,24,29
71,25,29
71,26,29
71,27,29
71,28,29
72,1,29
72,2,29
72,3,29
72,4,29
72,5,29
72,6,29
72,7,29
72,8,29
72,9,29
72,10,29
72,11,29
72,12,29
72,13,29
72,14,29
72,15,29
72,16,29
72,17,29
72,18,29
72,19,29
72,20,29
72,21,29
72,22,29
72,23,29
72,24,29
72,25,29
72,26,29
72,27,29
72,28,29
73,1,29
73,2,29
73,3,29
73,4,29
73,5,29
73,6,29
73,7,29
73,8,29
73,9,29
73,10,29
73,11,29
73,12,29
73,13,29
73,14,29
73,15,29
73,16,29
73,17,29
73,18,29
73,19,29
73,20,29
74,1,29
74,2,29
74,3,29
74,4,29
74,5,29
74,6,29
74,7,29
74,8,29
74,9,29
74,10,29
74,11,29
74,12,29
74,13,29
74,14,29
74,15,29
74,16,29
74,17,29
74,18,29
74,19,29
74,20,29
74,21,29
74,22,29
74,23,29
74,24,29
74,25,29
74,26,29
74,27,29
74,28,29
74,29,29
74,30,29
74,31,29
74,32,29
74,33,29
74,34,29
74,35,29
74,36,29
74,37,29
74,38,29
74,39,29
74,40,29
74,41,29
74,42,29
74,43,29
74,44,29
74,45,29
74,46,29
74,47,29
74,48,29
74,49,29
74,50,29
74,51,29
74,52,29
74,53,29
74,54,29
74,55,29
74,56,29
75,1,29
75,2,29
75,3,29
75,4,29
75,5,29
75,6,29
75,7,29
75,8,29
75,9,29
75,10,29
75,11,29
75,12,29
75,13,29
75,14,29
75,15,29
75,16,29
75,17,29
75,18,29
75,19,29
75,20,29
75,21,29
75,22,29
75,23,29
75,24,29
75,25,29
75,26,29
75,27,29
75,28,29
75,29,29
75,30,29
75,31,29
75,32,29
75,33,29
75,34,29
75,35,29
75,36,29
75,37,29
75,38,29
75,39,29
75,40,29
76,1,29
76,2,29
76,3,29
76,4,29
76,5,29
76,6,29
76,7,29
76,8,29
76,9,29
76,10,29
76,11,29
76,12,29
76,13,29
76,14,29
76,15,29
76,16,29
76,17,29
76,18,29
76,19,29
76,20,29
76,21,29
76,22,29
76,23,29
76,24,29
76,25,29
76,26,29
76,27,29
76,28,29
76,29,29
76,30,29
76,31,29
77,1,29
77,2,29
77,3,29
77,4,29
77,5,29
77,6,29
77,7,29
77,8,29
77,9,29
77,10,29
77,11,29
77,12,29
77,13,29
77,14,29
77,15,29
77,16,29
77,17,29
77,18,29
77,19,29
77,20,29
77,21,29
77,22,29
77,23,29
77,24,29
77,25,29
77,26,29
77,27,29
77,28,29
77,29,29
77,30,29
77,31,29
77,32,29
77,33,29
77,34,29
77,35,29
77,36,29
77,37,29
77,38,29
77,39,29
77,40,29
77,41,29
77,42,29
77,43,29
77,44,29
77,45,29
77,46,29
77,47,29
77,48,29
77,49,29
77,50,29
78,1,30
78,2,30
78,3,30
78,4,30
78,5,30
78,6,30
78,7,30
78,8,30
78,9,30
78,10,30
78,11,30
78,12,30
78,13,30
78,14,30
78,15,30
78,16,30
78,17,30
78,18,30
78,19,30
78,20,30
78,21,30
78,22,30
78,23,30
78,24,30
78,25,30
78,26,30
78,27,30
78,28,30
78,29,30
78,30,30
78,31,30
78,32,30
78,33,30
78,34,30
78,35,30
78,36,30
78,37,30
78,38,30
78,39,30
78,40,30
79,1,30
79,2,30
79,3,30
79,4,30
79,5,30
79,6,30
79,7,30
79,8,30
79,9,30
79,10,30
79,11,30
79,12,30
79,13,30
79,14,30
79,15,30
79,16,30
79,17,30
79,18,30
79,19,30
79,20,30
79,21,30
79,22,30
79,23,30
79,24,30
79,25,30
79,26,30
79,27,30
79,28,30
79,29,30
79,30,30
79,31,30
79,32,30
79,33,30
79,34,30
79,35,30
79,36,30
79,37,30
79,38,30
79,39,30
79,40,30
79,41,30
79,42,30
79,43,30
79,44,30
79,45,30
79,46,30
80,1,30
80,2,30
80,3,30
80,4,30
80,5,30
80,6,30
80,7,30
80,8,30
80,9,30
80,10,30
80,11,30
80,12,30
80,13,30
80,14,30
80,15,30
80,16,30
80,17,30
80,18,30
80,19,30
80,20,30
80,21,30
80,22,30
80,23,30
80,24,30
80,25,30
80,26,30
80,27,30
80,28,30
80,29,30
80,30,30
80,31,30
80,32,30
80,33,30
80,34,30
80,35,30
80,36,30
80,37,30
80,38,30
80,39,30
80,40,30
80,41,30
80,42,30
81,1,30
81,2,30
81,3,30
81,4,30
81,5,30
81,6,30
81,7,30
81,8,30
81,9,30
81,10,30
81,11,30
81,12,30
81,13,30
81,14,30
81,15,30
81,16,30
81,17,30
81,18,30
81,19,30
81,20,30
81,21,30
81,22,30
81,23,30
81,24,30
81,25,30
81,26,30
81,27,30
81,28,30
81,29,30
82,1,30
82,2,30
82,3,30
82,4,30
82,5,30
82,6,30
82,7,30
82,8,30
82,9,30
82,10,30
82,11,30
82,12,30
82,13,30
82,14,30
82,15,30
82,16,30
82,17,30
82,18,30
82,19,30
83,1,30
83,2,30
83,3,30
83,4,30
83,5,30
83,6,30
83,7,30
83,8,30
83,9,30
83,10,30
83,11,30
83,12,30
83,13,30
83,14,30
83,15,30
83,16,30
83,17,30
83,18,30
83,19,30
83,20,30
83,21,30
83,22,30
83,23,30
83,24,30
83,25,30
83,26,30
83,27,30
83,28,30
83,29,30
83,30,30
83,31,30
83,32,30
83,33,30
83,34,30
83,35,30
83,36,30
84,1,30
84,2,30
84,3,30
84,4,30
84,5,30
84,6,30
84,7,30
84,8,30
84,9,30
84,10,30
84,11,30
84,12,30
84,13,30
84,14,30
84,15,30
84,16,30
84,17,30
84,18,30
84,19,30
84,20,30
84,21,30
84,22,30
84,23,30
84,24,30
84,25,30
85,1,30
85,2,30
85,3,30
85,4,30
85,5,30
85,6,30
85,7,30
85,8,30
85,9,30
85,10,30
85,11,30
85,12,30
85,13,30
85,14,30
85,15,30
85,16,30
85,17,30
85,18,30
85,19,30
85,20,30
85,21,30
85,22,30
86,1,30
86,2,30
86,3,30
86,4,30
86,5,30
86,6,30
86,7,30
86,8,30
86,9,30
86,10,30
86,11,30
86,12,30
86,13,30
86,14,30
86,15,30
86,16,30
86,17,30
87,1,30
87,2,30
87,3,30
87,4,30
87,5,30
87,6,30
87,7,30
87,8,30
87,9,30
87,10,30
87,11,30
87,12,30
87,13,30
87,14,30
87,15,30
87,16,30
87,17,30
87,18,30
87,19,30
88,1,30
88,2,30
88,3,30
88,4,30
88,5,30
88,6,30
88,7,30
88,8,30
88,9,30
88,10,30
88,11,30
88,12,30
88,13,30
88,14,30
88,15,30
88,16,30
88,17,30
88,18,30
88,19,30
88,20,30
88,21,30
88,22,30
88,23,30
88,24,30
88,25,30
88,26,30
89,1,30
89,2,30
89,3,30
89,4,30
89,5,30
89,6,30
89,7,30
89,8,30
89,9,30
89,10,30
89,11,30
89,12,30
89,13,30
89,14,30
89,15,30
89,16,30
89,17,30
89,18,30
89,19,30
89,20,30
89,21,30
89,22,30
89,23,30
89,24,30
89,25,30
89,26,30
89,27,30
89,28,30
89,29,30
89,30,30
90,1,30
90,2,30
90,3,30
90,4,30
90,5,30
90,6,30
90,7,30
90,8,30
90,9,30
90,10,30
90,11,30
90,12,30
90,13,30
90,14,30
90,15,30
90,16,30
90,17,30
90,18,30
90,19,30
90,20,30
91,1,30
91,2,30
91,3,30
91,4,30
91,5,30
91,6,30
91,7,30
91,8,30
91,9,30
91,10,30
91,11,30
91,12,30
91,13,30
91,14,30
91,15,30
92,1,30
92,2,30
92,3,30
92,4,30
92,5,30
92,6,30
92,7,30
92,8,30
92,9,30
92,10,30
92,11,30
92,12,30
92,13,30
92,14,30
92,15,30
92,16,30
92,17,30
92,18,30
92,19,30
92,20,30
92,21,30
93,1,30
93,2,30
93,3,30
93,4,30
93,5,30
93,6,30
93,7,30
93,8,30
93,9,30
93,10,30
93,11,30
94,1,30
94,2,30
94,3,30
94,4,30
94,5,30
94,6,30
94,7,30
94,8,30
95,1,30
95,2,30
95,3,30
95,4,30
95,5,30
95,6,30
95,7,30
95,8,30
96,1,30
96,2,30
96,3,30
96,4,30
96,5,30
96,6,30
96,7,30
96,8,30
96,9,30
96,10,30
96,11,30
96,12,30
96,13,30
96,14,30
96,15,30
96,16,30
96,17,30
96,18,30
96,19,30
97,1,30
97,2,30
97,3,30
97,4,30
97,5,30
98,1,30
98,2,30
98,3,30
98,4,30
98,5,30
98,6,30
98,7,30
98,8,30
99,1,30
99,2,30
99,3,30
99,4,30
99,5,30
99,6,30
99,7,30
99,8,30
100,1,30
100,2,30
100,3,30
100,4,30
100,5,30
100,6,30
100,7,30
100,8,30
100,9,30
100,10,30
100,11,30
101,1,30
101,2,30
101,3,30
101,4,30
101,5,30
101,6,30
101,7,30
101,8,30
101,9,30
101,10,30
101,11,30
102,1,30
102,2,30
102,3,30
102,4,30
102,5,30
102,6,30
102,7,30
102,8,30
103,1,30
103,2,30
103,3,30
104,1,30
104,2,30
104,3,30
104,4,30
104,5,30
104,6,30
104,7,30
104,8,30
104,9,30
105,1,30
105,2,30
105,3,30
105,4,30
105,5,30
106,1,30
106,2,30
106,3,30
106,4,30
107,1,30
107,2,30
107,3,30
107,4,30
107,5,30
107,6,30
107,7,30
108,1,30
108,2,30
108,3,30
109,1,30
109,2,30
109,3,30
109,4,30
109,5,30
109,6,30
110,1,30
110,2,30
110,3,30
111,1,30
111,2,30
111,3,30
111,4,30
111,5,30
112,1,30
112,2,30
112,3,30
112,4,30
113,1,30
113,2,30
113,3,30
113,4,30
113,5,30
114,1,30
114,2,30
114,3,30
114,4,30
114,5,30
114,6,30
